{
  "returns": [
    9.631666666666668,
    5.795666666666662,
    4.804333333333335,
    11.819666666666668,
    8.421999999999999,
    6.401666666666667,
    9.010999999999994,
    10.304333333333338,
    5.376999999999995,
    7.4943333333333335,
    5.474999999999995,
    7.021333333333331,
    7.646,
    8.583,
    7.278999999999996,
    0.29366666666666735,
    8.422333333333333,
    7.4099999999999895,
    14.099333333333334,
    4.663333333333334,
    9.85033333333334,
    10.265666666666663,
    5.663333333333333,
    9.236333333333334,
    6.072999999999998,
    9.587333333333325,
    5.888000000000003,
    6.69,
    5.94633333333334,
    7.442999999999997,
    9.444333333333338,
    4.949666666666664,
    6.484000000000002,
    11.94733333333334,
    6.423999999999995,
    4.585666666666668,
    2.6433333333333273,
    9.505666666666668,
    3.9886666666666675,
    6.372666666666665,
    8.734999999999985,
    2.5743333333333402,
    10.44266666666667,
    11.362000000000002,
    7.468999999999991,
    5.687666666666669,
    7.300666666666667,
    11.202666666666667,
    11.703999999999995,
    10.051666666666664
  ],
  "mean": 7.589459999999999,
  "std": 2.7248331134401194
}